{"del_beta:": 0.1, "L": 500, "means": [-717.188, -913.8, -882.0, -829.72, -756.996, -1076.984, -1140.444, -1085.364, -1274.028, -1237.736, -1008.888, -934.092, -1130.404, -1175.276, -1241.84, -1178.652, -1096.972, -1262.124, -1180.34, -1289.02, -1580.58, -1278.632, -1403.244, -1819.572, -1919.904, -1822.288, -1867.608, -1588.248, -1819.684, -1757.5, -2202.8, -1921.872, -2006.136, -2195.408, -2275.136, -2188.104, -2254.144, -2239.256, -2072.124, -2182.076, -2170.86, -2640.22, -2905.128, -3243.624, -2782.948, -2848.408, -2985.844, -2904.456, -2969.436, -2920.888, -3091.844, -3029.94, -3044.692, -2927.448, -3224.408, -3458.38, -3555.252, -3544.264, -3560.796, -3525.396, -3658.012, -3550.368, -3550.708, -3803.676, -3633.304, -3745.764, -3536.812, -3551.056, -3571.144, -3951.568, -4119.496, -4174.388, -4040.748, -4170.796, -4177.38, -4236.8, -4336.524, -4428.228, -4733.22, -4831.488, -4879.444, -5040.692, -5025.476, -5143.796, -5103.448, -5175.808, -5167.916, -5383.4, -5294.188, -5312.496, -5279.904, -5399.732, -5524.768, -5596.348, -5565.756, -5742.24, -5836.708, -5658.904, -5692.784, -5767.768, -5772.384, -5831.78, -5894.36, -5925.124, -5918.148, -5929.704, -5972.264, -6047.276, -5958.872, -5981.484, -6024.12, -6045.804, -6114.744, -6164.724, -6166.928, -6173.7, -6168.536, -6203.26, -6225.828, -6248.636, -6268.772, -6286.512, -6251.552, -6278.024, -6300.416, -6300.492, -6296.612, -6308.852, -6299.58, -6303.62, -6312.38, -6322.164, -6323.744, -6311.92, -6317.084, -6331.68, -6335.188, -6330.048, -6340.0], "betas:": [0.008620689655172414, 0.008928827677538624, 0.00965028543574837, 0.00990508920387267, 0.010367937968705259, 0.010859606484567488, 0.011538801740566006, 0.012066639407655429, 0.012433174863290207, 0.012878660938026266, 0.013392711491118996, 0.013648428873793965, 0.01430005236078018, 0.014906149158033427, 0.015714691406268657, 0.016288266454650722, 0.01685650889676305, 0.01734028491016289, 0.01776004603871816, 0.018175033600121564, 0.018834277773110277, 0.019388521055332574, 0.019721676396932234, 0.020347469156810665, 0.020918676107348086, 0.021771592905748517, 0.022561427793638393, 0.023092371293575092, 0.023701216045500344, 0.024665656288472355, 0.025454447455587535, 0.026158468376633638, 0.026574639460354887, 0.027716676830400286, 0.028390960040400315, 0.029126349159154595, 0.030239011580027945, 0.03065614379987103, 0.031202129339221066, 0.031651981732085964, 0.032213933719846814, 0.03293236834380289, 0.03366938349015735, 0.03419626932808017, 0.03467146114798854, 0.035382381199870666, 0.03628037550097497, 0.036903389503575246, 0.03781027240251475, 0.038638366389233625, 0.03948967586765985, 0.040010562108562825, 0.04043001951152499, 0.04134823187109482, 0.04279157637778633, 0.043622595040817336, 0.04465383947672479, 0.0455163169435996, 0.04612632899436888, 0.04685124478866997, 0.04768356944753063, 0.04833906663237108, 0.049055633626872784, 0.050286296208086265, 0.05124265665520586, 0.052863745968273465, 0.053693577416823644, 0.05453456574216429, 0.05533411155352761, 0.05608627238733856, 0.05673823317179636, 0.05812913447646487, 0.059617538008550276, 0.06090665081316356, 0.06329885950731566, 0.06429206971071683, 0.06617300283203628, 0.0673583238206598, 0.06855102623403947, 0.06975408929755915, 0.07130755085213332, 0.07369438633116464, 0.07459457964682452, 0.07613270676108858, 0.07865309217924492, 0.08021254339872602, 0.08213095655043516, 0.08333231598506731, 0.08590351477505437, 0.08724658155547031, 0.08977576439992496, 0.09264679824749407, 0.09478562936070851, 0.09656373882299613, 0.09938940165863058, 0.10317299293818724, 0.1041481388926716, 0.10627964098107706, 0.10740986008013619, 0.10935168989500227, 0.111830784617838, 0.1163623449036857, 0.1180838545748525, 0.1201727592223737, 0.12313432615108243, 0.1277468933952551, 0.13115542195760668, 0.13486821683131883, 0.13715649732860954, 0.14349435562870178, 0.1487916245975836, 0.15272164073303682, 0.15927227402727023, 0.1625988898253843, 0.1695760520952183, 0.18539321154867913, 0.1904551564755545, 0.1980361215751538, 0.20477193221980983, 0.20895620692497455, 0.2154167335174938, 0.22358115461476644, 0.2375946955917681, 0.24441211390185325, 0.25153119408612123, 0.26823060887193034, 0.28954780481793085, 0.30620303511837066, 0.3357866381115831, 0.3542044997806726, 0.3669366297423992, 0.38440815035183007, 0.4077734628785967, 0.4714992274807114, 0.5072280993854007, 0.521756455553833, 0.5475749675779589, 0.6040023383600115, 0.6162042040503811], "stds: ": [324.529894857161, 138.6082537224966, 392.4588742785669, 216.05329342548794, 203.38906554679875, 147.23306606873336, 189.4521862212205, 272.82490264636766, 224.4739076507557, 194.53339637193406, 391.05671641847556, 153.46285392889055, 164.99014753614836, 123.67937509544588, 174.3451014511162, 175.9812231347424, 206.70723068146407, 238.23072980621117, 240.9710779326017, 151.68886445616238, 180.42618324400704, 300.16027814486046, 159.7973105656037, 175.06789773113744, 117.24473030375397, 126.60874004585939, 188.34395752452477, 164.2454824218919, 103.68708764354412, 126.77626749514279, 142.04123345000914, 240.28579570170186, 87.56280890880556, 148.30563555037278, 135.9824308651673, 89.87451910302497, 239.73214065702578, 183.15503395757375, 222.2951385523309, 177.9511456102489, 139.19150979855056, 135.68242185338528, 189.7944351555124, 210.4413329742995, 140.66279286293158, 111.35928131952002, 160.5100360226737, 110.26781971182707, 120.7592394146303, 117.4660949210452, 191.98049813457615, 238.40323068280765, 108.90726851776239, 69.28352831662083, 120.33424091255158, 96.97022017093701, 115.94505809218434, 163.93118770996566, 137.94705645282903, 120.14542514802635, 152.55595647499314, 139.55429257461054, 81.25704114721381, 104.563086335475, 61.686915824994855, 120.50639943173142, 118.90771487166003, 125.07100728786028, 132.95028869468467, 153.38345861272003, 71.89582730590142, 67.1860808203604, 77.57273036318884, 41.80237294699907, 100.6836213095258, 53.16510133536848, 84.36533306992868, 83.84321091179656, 83.12116216704385, 64.37236873069065, 41.89647794266243, 111.0872501054914, 65.01413249440463, 39.67647141568917, 64.12512219091671, 52.12641495441635, 83.2390349775873, 38.89236428915064, 74.45646147917587, 39.538462084405865, 34.830658678813414, 46.75450968623241, 56.239507252464435, 35.38992647632939, 26.42991608007865, 102.54875133320736, 46.91527188453669, 88.47841987739157, 51.497818827596966, 40.337305016572444, 22.06745440688617, 58.08854964620825, 47.871979278070384, 33.76590919848005, 21.67990073778014, 29.33817281290708, 26.933887651061436, 43.700936191344915, 15.778200657869704, 18.87765197263685, 25.445188150218108, 15.265699590912956, 30.060579901259388, 14.332474454887405, 6.3222477015694345, 19.75525246611645, 13.19093264329706, 14.846023036490278, 23.89900449809573, 15.478614408273113, 12.248265836435785, 7.135955156809773, 14.668309241354303, 14.046758487280968, 5.988233796371012, 4.691048496871462, 6.004119918855719, 3.380250878263328, 5.429511948600905, 7.854145402270065, 5.72360026556712, 4.279848595452882, 1.5692240120518166, 2.798856909525744, 6.8830911660387, 3.8731898998112655, 1.772189606108782, 8.19546801592197, 0.0]}