{"del_beta:": 0.1, "L": 500, "means": [-359.884, -529.636, -411.76, -394.032, -958.164, -947.408, -1038.224, -1168.524, -725.976, -1099.484, -1289.148, -891.564, -1043.956, -1501.68, -1545.7, -1187.792, -1296.036, -1126.776, -1193.984, -1434.456, -1071.5, -1294.804, -1520.564, -1434.064, -1303.284, -1310.704, -1419.772, -1316.016, -1857.032, -1303.512, -1617.58, -2058.1, -2040.404, -2149.888, -2085.16, -2051.076, -2276.46, -2185.888, -2481.268, -2780.348, -2467.804, -2544.248, -2773.296, -2593.532, -2575.192, -2633.6, -2717.384, -3025.628, -2973.752, -3305.18, -2965.836, -2952.844, -2915.228, -3374.976, -3296.112, -3038.852, -3136.172, -3525.104, -3581.536, -3511.984, -3460.42, -3542.06, -3837.56, -3646.048, -3936.78, -3911.864, -4078.576, -4109.92, -4123.532, -4368.52, -4162.276, -4168.796, -4073.472, -4212.98, -4411.16, -4219.476, -4249.992, -4376.152, -4421.3, -4685.152, -4970.08, -5216.392, -5288.932, -5265.172, -5351.764, -5360.868, -5358.52, -5445.048, -5556.308, -5527.152, -5300.048, -5260.884, -5381.912, -5503.316, -5410.824, -5533.368, -5596.452, -5706.964, -5746.268, -5816.812, -5765.348, -5714.888, -5771.324, -5984.872, -6099.924, -6101.284, -6092.824, -6054.848, -6095.932, -6260.588, -6242.2, -6300.884, -6299.08, -6272.68, -6272.532, -6219.032, -6188.348, -6259.084, -6347.696, -6347.66, -6368.352, -6355.548, -6333.604, -6372.204, -6396.6, -6411.312, -6413.8, -6439.956, -6437.284, -6447.672, -6455.964, -6485.648, -6512.272, -6526.268, -6541.884, -6567.996, -6559.44, -6566.936, -6562.976, -6569.768, -6579.504, -6583.768, -6586.988, -6589.32, -6595.156, -6596.12, -6596.0], "betas:": [0.00847457627118644, 0.008803831986407652, 0.00929808209134581, 0.009925723468546484, 0.010562341125568697, 0.010859310949503681, 0.011554329693107861, 0.012121510327374204, 0.012496354546135114, 0.013260811566199836, 0.013832911193133025, 0.01443930712923379, 0.014910640296087163, 0.01560948378054823, 0.016222947631377906, 0.016757700826942664, 0.017178595316833193, 0.017660878390548147, 0.017989701324968427, 0.018239200608497635, 0.01872434382455058, 0.01911458135769646, 0.019566152645953187, 0.020074812582149604, 0.020734710217642068, 0.021480795588565894, 0.022078691308003565, 0.022531015491905473, 0.022955963523646507, 0.023527942964320148, 0.024436081433296022, 0.026107810049409517, 0.026490123289516585, 0.027122933233818085, 0.027926541617457754, 0.028779380755675425, 0.02952907886613539, 0.030094370908723606, 0.03061374261099852, 0.03124623781214882, 0.03254367501576759, 0.03350393367819357, 0.03424876742540491, 0.03540513925120706, 0.03593645404136714, 0.03649941842011465, 0.03727187740888375, 0.037768583812022555, 0.0383081789177072, 0.038727890493802535, 0.03921972596927224, 0.03999710974111205, 0.041063706924320556, 0.042039651426248416, 0.04327942904174673, 0.04395797160242485, 0.04493610164788528, 0.04569121166989656, 0.04635292274917681, 0.04696522614347494, 0.04767016392973787, 0.049196395333292946, 0.05007516644940326, 0.05176665883789169, 0.05257294734027887, 0.053041262555248235, 0.0541990275463069, 0.05569581548041111, 0.056719079128266424, 0.05724912800110626, 0.05834099232699182, 0.05887791469591599, 0.059725848966830516, 0.06023902501878967, 0.06117415808936584, 0.06249706515108458, 0.0632671839960657, 0.06538735893701375, 0.06683581661306942, 0.06801629324112127, 0.0693472557990269, 0.07037361918523029, 0.0725059722367505, 0.0742047149803424, 0.07581529818707446, 0.07743746452298358, 0.07870043487463936, 0.08013044029621204, 0.08205306019063831, 0.0842201706547813, 0.08503589752831942, 0.08674627816795466, 0.0879698240736366, 0.08896708535294827, 0.09238730893735084, 0.09423844198829477, 0.09591101383209887, 0.09830868609229122, 0.10051444845674061, 0.10563937834234978, 0.10836659405743582, 0.11220133188644162, 0.11746050352863693, 0.11916626730761674, 0.12043495559007011, 0.12802216917113501, 0.12996570067120275, 0.1318608828045119, 0.13522668272846922, 0.13779186878884636, 0.14024780084342978, 0.14311801950765757, 0.14505679256473794, 0.14883074400081803, 0.1540020523220251, 0.16048195295836074, 0.16253489921539024, 0.16745496466702964, 0.16889265816119728, 0.1742641944238219, 0.17845177708392074, 0.18944542919422044, 0.1981579067341586, 0.20690339030058374, 0.21500981259026175, 0.22283205827384822, 0.23088676720664858, 0.2419553256663829, 0.25588646114458785, 0.27315678274057414, 0.2802809739482035, 0.290888660781789, 0.29616214131181473, 0.32638201349415236, 0.33880920000081227, 0.3500281332076715, 0.3788860481970464, 0.39541951405729464, 0.410183637999661, 0.43596280742268817, 0.4522307836261694, 0.47848665299412446, 0.49569884748244053, 0.5276168651434383, 0.560300094347443, 0.6000287556581162, 0.8105667359247459], "stds: ": [303.71530508685265, 202.32671475610923, 159.32665313750866, 157.08015462177264, 336.73454991135077, 143.8810117284418, 176.3106741635344, 266.77749047474, 130.81180154710813, 174.79473030958343, 164.90875688088852, 212.16414848885285, 143.09355703175459, 163.0087899470455, 187.00215506779594, 237.58923531170348, 207.34710681367127, 304.1150404435795, 400.8027541621938, 206.1247002763133, 256.2541824048927, 221.44897738305318, 196.59499969226073, 151.53865481783848, 134.03291888189258, 167.25324625848074, 221.0803745609275, 235.3228925200436, 174.8314587710118, 110.11536612117311, 59.818321608015715, 261.56562082964956, 158.0253295645986, 124.43872169063776, 117.25540669836936, 133.38702419650872, 176.89971283187543, 192.54033202422812, 158.1039663512589, 77.07502121958838, 104.138607557428, 134.25814871358833, 86.47737498328681, 188.21234012678337, 177.63113222630767, 129.45671091140852, 201.32617451290332, 185.3241420214862, 238.25885607045126, 203.32002262443314, 128.63659317628088, 93.75610734240198, 102.46484282913822, 80.6596269765736, 147.37469069009103, 102.23589436200966, 132.43103267739025, 151.12335750637624, 163.31772930089372, 141.8564899608051, 65.5208638526691, 113.79527406707189, 59.11939106587618, 124.02508494655426, 213.5313925398324, 86.3733147679305, 66.80973150671988, 97.72652454681891, 188.6618482258668, 91.58647061657088, 186.24666392716944, 117.93366942480844, 194.86489990760265, 106.93665227600872, 75.59110000522548, 129.85008827105202, 47.165919221403925, 69.03895201985615, 84.71154584824905, 75.13359365822987, 97.43137892896722, 46.896549297363016, 58.86706529121356, 62.08930999777659, 61.64595934852502, 79.17842241419059, 69.92980480453238, 52.012360992364115, 46.144394415790096, 122.59005219021648, 58.46651773451195, 81.72966746537026, 100.27462418777745, 29.237854640858995, 54.02096837340108, 59.78816417987761, 41.7071180495608, 45.335799364299284, 19.512462069149553, 36.66743317986684, 26.077402017839123, 19.014401279030587, 58.624764596542306, 78.8215682158126, 13.180069195569498, 51.45272921818627, 52.765377133116374, 29.710619246323358, 38.9835269825602, 40.717738837022864, 34.840551086341904, 51.579012631108014, 26.497426290113534, 19.33746622492202, 15.432335403301732, 48.71048117192028, 20.324932865817786, 69.55585485061627, 18.616648033413533, 23.88012562781025, 9.096158309968006, 11.47779142518281, 11.434473490283668, 12.335898183756221, 12.784052565599064, 12.415097905373118, 9.03460015717353, 7.178165782426594, 5.790280131392609, 14.036681089203386, 9.427125967122748, 18.962808230850197, 3.3090808391455173, 8.046873678640669, 8.9135034638463, 3.465253814657737, 6.048338614859454, 6.773175326241009, 3.879100926761252, 6.147046119885551, 3.8086722095764554, 5.809834421048503, 3.1330266516581053, 3.0596731851621017, 2.517074492342251, 0.47497368348151664, 0.0]}